,words
0,dumbfuck
1,fist fuck
2,baby juice
3,twathead
4,punany
5,fudge-packer
6,ejaculate
7,queef
8,birdlock
9,suck
10,porn
11,boobies
12,carpetmuncher
13,hoar
14,fecal
15,pee
16,crotte
17,pcp
18,pms
19,fack
20,steamy
21,h0mo
22,gassy ass
23,masochist
24,tush
25,cunts
26,poop
27,puss
28,hore
29,foah
30,scrud
31,whore
32,fuckwit
33,pissers
34,fistfuckers
35,asssucker
36,quim
37,slag
38,goregasm
39,a55
40,fellatio
41,kock
42,loins
43,boobs
44,revue
45,cyalis
46,fuckhole
47,mo-fo
48,hotsex
49,ball sack
50,twat
51,bullturds
52,facefucker
53,cooter
54,dingleberry
55,male squirting
56,banging
57,hard core
58,coksucka
59,masturbation
60,sleazy
61,hoor
62,niggas
63,bumfuck
64,pole smoker
65,phuk
66,choade
67,ass
68,pissing
69,crikey
70,flog the log
71,cop some wood
72,golden shower
73,dickslap
74,orgies
75,beeyotch
76,whorehopper
77,minge
78,shaved beaver
79,nigga
80,buttman
81,barface
82,flange
83,polesmoker
84,asshole
85,kunt
86,va-j-j
87,knobend
88,barenaked
89,assbang
90,dicksucking
91,asshopper
92,pedophiliac
93,ball sucking
94,bust a load
95,j3rk0ff
96,fuckmonkey
97,t1t
98,ballsack
99,lardass
100,cumjockey
101,hardcore
102,heroin
103,anal
104,figging
105,cunnie
106,l3itch
107,he-she
108,yobbo
109,kunilingus
110,testes
111,crack
112,douchey
113,hun
114,shitbrains
115,semen
116,butthead
117,moolie
118,asswipe
119,sissy
120,h0m0
121,taste my
122,jack-off
123,sex
124,b00bs
125,fuq
126,pusse
127,fubar
128,shiting
129,seks
130,munging
131,throating
132,booze
133,xxx
134,hooch
135,phuq
136,fellate
137,reich
138,gay
139,buttmuch
140,ball licking
141,potty
142,boiolas
143,beatch
144,fuck-tard
145,shitty
146,injun
147,thug
148,slutdumper
149,sand nigger
150,dinks
151,toke
152,cockmunch
153,areola
154,middle finger
155,kooches
156,dick-sneeze
157,paedophile
158,smartasses
159,penetration
160,nob
161,blow job
162,fuckwhore
163,lesbians
164,fuckwad
165,beardedclam
166,faggot
167,shitfull
168,assgoblin
169,cock snot
170,bum
171,orgy
172,gae
173,shitspitter
174,bawdy
175,bunny fucker
176,dlck
177,aryan
178,aeolus
179,lesbos
180,muthafecker
181,undies
182,son of a whore
183,a54
184,cocksucker
185,fuckup
186,gaydo
187,ovum
188,schizo
189,analsex
190,fuckstick
191,stoned
192,vulgar
193,poon
194,f4nny
195,shittier
196,girls gone wild
197,yaoi
198,wang
199,scrog
200,cumdump
201,phuks
202,mothafucked
203,iberian slap
204,kootch
205,assmuncher
206,f-u-c-k
207,girl on top
208,felcher
209,escort
210,dicksipper
211,wetback
212,two fingers with tongue
213,fucknugget
214,cyberfucker
215,milf
216,willies
217,snatch
218,asslover
219,fuckme
220,guro
221,areole
222,sodomy
223,dago
224,swastika
225,weewee
226,wrinkled starfish
227,organ
228,racy
229,asspirate
230,mothafuckas
231,raghead
232,wiseass
233,f u c k e r
234,butt-fuck
235,asswad
236,bohunk
237,dirty sanchez
238,dickbag
239,jigaboo
240,camel toe
241,cockmonkey
242,yellow showers
243,assholes
244,bisexual
245,doggy style
246,butt plug
247,homoey
248,fuckheads
249,fuckbrain
250,pubic
251,dicksucker
252,jerk
253,dickface
254,raging boner
255,nigaboo
256,skag
257,jizz
258,fuckbutt
259,cuntlicking
260,fingerfucked
261,assclown
262,ovums
263,undressing
264,assjockey
265,cum dumpster
266,coital
267,git
268,bootie
269,goddam
270,niggaz
271,pricks
272,punta
273,dickweasel
274,booooooobs
275,dickheads
276,jock
277,pedophilia
278,cocksmoker
279,bigbastard
280,sh!+
281,fucktard
282,butt fuck
283,jerk-off
284,sandbar
285,buttfucker
286,cocksukka
287,muff
288,kraut
289,trashy
290,pube
291,fagots
292,buttfuck
293,d1ld0
294,asshead
295,molest
296,lemon party
297,orgasmic
298,bangbros
299,style doggy
300,shithouse
301,lolita
302,rump
303,son of a bitch
304,fistfucked
305,humped
306,phukking
307,ma5terb8
308,minger
309,dickhead
310,bunga
311,sh!t
312,c0cksucker
313,boink
314,fuck hole
315,xrated
316,pornography
317,frotting
318,fuckme 
319,tard
320,fuckwhit
321,masturbating
322,punanny
323,gaysex
324,pron
325,motherfuckin
326,nads
327,penial
328,homodumbshit
329,herpy
330,kondums
331,nob jokey
332,spic
333,ham flap
334,anal impaler
335,scag
336,two girls one cup
337,donkey punch
338,menstruate
339,dolcett
340,dickzipper
341,bukkake
342,pot
343,faggotcock
344,kill
345,female squirting
346,blumpkin
347,cockmongruel
348,hootch
349,fuckmeat
350,poonany
351,bitch
352,chi-chi man
353,dickmilk 
354,gay sex
355,a_s_s
356,fistfuckings
357,suckass
358,phukked
359,cumming
360,cyberfucked
361,bigger
362,oral
363,cuntlick 
364,wanker
365,r-tard
366,m0f0
367,fuckher
368,mutherfucker
369,ghay
370,bum boy
371,dickwhipper
372,assman
373,pissin
374,doublelift
375,jerked
376,pissoff
377,cocklump
378,beer
379,make me come
380,cocksucer
381,assnigger
382,pisspig
383,one guy one jar
384,junky
385,cyberfuckers
386,arrse
387,cunny
388,nimrod
389,eat a dick
390,mong
391,dickmilk
392,bellend
393,dickmonger
394,dyke
395,gangbangs
396,footfucker
397,bimbos
398,bosomy
399,ass fuck
400,masterbations
401,rosy palm and her 5 sisters
402,thrust
403,scissoring
404,hoer
405,crack-whore
406,fingerfuck
407,assklown
408,bampot
409,shitbag
410,nut butter
411,weed
412,nigger
413,raunch
414,s-h-1-t
415,pantie
416,clitfuck
417,nig-nog
418,rum
419,c-u-n-t
420,shittings
421,virgin
422,fuckers
423,lezbians
424,jism
425,bastard
426,dimwit
427,fagtard
428,quicky
429,knob
430,bulldyke
431,fucknut
432,bumclat
433,dumbass
434,shiz
435,dominatrix
436,punkass
437,cocklicker
438,cummer
439,cuntlicker
440,fcuker
441,jackoff
442,mthrfucking
443,gang bang
444,labia
445,assbagger
446,analannie
447,cumstain
448,valium
449,splooge moose
450,teets
451,kum
452,cocksmoke
453,tongue in a
454,piss-off
455,dickbrain
456,dopey
457,shitt
458,sultry women
459,bugger
460,testicle
461,tit wank
462,boong
463,asshat
464,douch3
465,vajayjay
466,midget
467,sleaze
468,pollock
469,banger
470,fistfucks
471,fatfuck
472,ghey
473,douche-fag
474,fecker
475,shamedame
476,biatch
477,fuck trophy
478,chinky
479,asslick
480,kooch
481,feck
482,dirsa
483,homo
484,dirty pillows
485,bitchin
486,cockshit
487,trumped
488,blow me
489,clitorus
490,boang
491,dingleberries
492,goo girl
493,soused
494,camslut
495,titties
496,gonorrehea
497,tight white
498,vixen
499,goatse
500,clover clamps
501,bazongas
502,domination
503,bung
504,slanteye
505,ritard
506,whiz
507,n1gga
508,hentai
509,erotic
510,hand job
511,lezbos
512,pedophile
513,boozer
514,tea bagging
515,diligaf
516,one cup two girls
517,fuckingshitmotherfucker
518,l3i+ch
519,bloodclaat
520,bitches
521,extacy
522,strap on
523,jizm
524,heeb
525,s_h_i_t
526,hooter
527,douche
528,urinal
529,motherfucker
530,eat my ass
531,breast
532,lech
533,footlicker
534,spick
535,sausage queen
536,frigga
537,bullshit
538,lmao
539,fingerfuck 
540,lezzy
541,pansy
542,s hit
543,pussy palace
544,cyberfuc
545,paddy
546,teez
547,nazi
548,pillowbiter
549,ar5e
550,naked
551,knobead
552,menage a trois
553,gigolo
554,muff diver
555,assshole
556,gey
557,toots
558,playboy
559,dickfucker
560,tosser
561,shirt lifter
562,motherfucka
563,slutbag
564,g-spot
565,beef curtain
566,lmfao
567,anal leakage
568,fagot
569,spook
570,glans
571,fannyflaps
572,pussys
573,bitch tit
574,double penetration
575,dry hump
576,asscock
577,cockface
578,santorum
579,badfuck
580,pinko
581,prostitute
582,kondum
583,opiate
584,twink
585,wank
586,dickripper
587,goddamnmuthafucker
588,booby
589,cockmongler
590,fagfucker
591,blowjobs
592,choad
593,fag
594,jizzed
595,viagra
596,jerkass
597,jailbait
598,wigger
599,penispuffer
600,faggs
601,titfuck
602,faigt
603,whoring
604,wad
605,nobjokey
606,tittyfuck
607,ruski
608,lusty
609,retarded
610,fuckass
611,nawashi
612,nappy
613,tribadism
614,hobag
615,cuntsicle
616,rimjob
617,dickwad
618,pussy fart
619,acrotomophilia
620,blowjob
621,mams
622,renob
623,shitted
624,cybersex
625,ahole
626,shemale
627,doggin
628,polack
629,fuckfreak
630,climax
631,sucked
632,dick
633,rapist
634,genitals
635,fudge packer
636,gotohell
637,hemp
638,coffin dodger
639,skullfuck
640,cock pocket
641,penis
642,mound of venus
643,lesbo
644,fagbag
645,fucked
646,fukwit
647,freefuck
648,cuntface
649,butchdike
650,peckerhead
651,buggered
652,bogan
653,bitchass
654,f_u_c_k
655,cunt-struck
656,jackhole
657,mothafuck
658,nonce
659,nazism
660,fuck off
661,cahone
662,tittyfucker
663,dike
664,jiggerboo
665,footfuck
666,mothafuckaz
667,fleshflute
668,flaps
669,shaggin
670,masterbat
671,cockknocker
672,arian
673,shithead
674,b!tch
675,lez
676,queers
677,kikes
678,cumtart
679,poof
680,strip
681,pedo
682,bimbo
683,eat hair pie
684,shagging
685,rape
686,caca
687,cumshot
688,cumguzzler
689,queero
690,eatpussy
691,fucks
692,kike
693,nympho
694,bullshitted
695,buceta
696,cunthole
697,clusterfuck
698,vodka
699,hard on
700,balls
701,asswipes
702,fux0r
703,how to murder
704,nad
705,fingering
706,bulldike
707,wench
708,kums
709,pussylicking
710,a55hole
711,fistfucker
712,bi+ch
713,weenie
714,fooker
715,vulva
716,bdsm
717,bitcher
718,queerbait
719,fook
720,hom0
721,bastardo
722,brunette action
723,gippo
724,fuckface
725,fagged
726,fvck
727,fuc
728,kyke
729,sumofabiatch
730,tinkle
731,hell
732,cuntlick
733,fuckbutter
734,analprobe
735,jap
736,rubbish
737,spiks
738,gonad
739,extasy
740,loin
741,numbnuts
742,scantily
743,sperm
744,barfface
745,kumming
746,menses
747,nigg3r
748,cockholster
749,jack off
750,c.0.c.k
751,shitfaced
752,niggers
753,beastiality
754,coochie
755,nsfw images
756,bowels
757,w00se
758,assbandit
759,mtherfucker
760,poopchute
761,jail bait
762,shite
763,a$$hole
764,autoerotic
765,fisty
766,bondage
767,taig
768,titty
769,assface
770,gaywad
771,brown showers
772,prig
773,bung hole
774,moo moo foo foo
775,ninny
776,scum
777,douchewaffle
778,cocknose
779,assshit
780,perversion
781,old bag
782,stiffy
783,shits
784,whoreface
785,hot carl
786,munter
787,ballbag
788,beaner
789,bint
790,fucknutt
791,pissed
792,cockeye
793,dickwod
794,lust
795,cok
796,kunja
797,n1gger
798,dipshit
799,vag
800,phuck
801,skeet
802,nipples
803,wh0re
804,fanny
805,floozy
806,smegma
807,c.o.c.k.
808,erotism
809,nipple
810,dick shy
811,fucktoy
812,shitbreath
813,nut sack
814,vorarephilia
815,daterape
816,coonnass
817,poontang
818,bigbutt
819,gaylord
820,how to kill
821,kinky
822,masturbate
823,brotherfucker
824,group sex
825,breastlover
826,fucking
827,bod
828,niglet
829,veqtable
830,urophilia
831,pikey
832,bone
833,poopuncher
834,blonde action
835,twunter
836,asses
837,beater
838,wrapping men
839,shagger
840,dillweed
841,cuntlicker 
842,thundercunt
843,assmonkey
844,schlong
845,bullshits
846,pedobear
847,f.u.c.k
848,batty boy
849,booobs
850,phone sex
851,bi-sexual
852,big knockers
853,bitchy
854,v14gra
855,mothafucks
856,peyote
857,cockbite
858,bigtits
859,douchebag
860,pasty
861,black cock
862,choc ice
863,assbanger
864,cuntrag
865,queerhole
866,godamn
867,fuck-ass
868,dumbshit
869,anus
870,cockwaffle
871,bitched
872,twats
873,asshore
874,nudity
875,ho
876,sandler
877,teat
878,hotpussy
879,wazoo
880,boner
881,coon
882,cyberfucking
883,motherfucking
884,testical
885,bollox
886,f u c k
887,slave
888,muthrfucking
889,fuckin
890,lameass
891,b17ch
892,teabagging
893,cockjockey
894,t1tt1e5
895,cum guzzler
896,hussy
897,blonde on blonde action
898,shitstain
899,strapon
900,fatass
901,2g1c
902,gooch
903,chincs
904,gook
905,porno
906,homoerotic
907,cum
908,panty
909,shitter
910,s-o-b
911,shiznit
912,booooobs
913,souse
914,assmaster
915,master-bate
916,bootee
917,tities
918,goatcx
919,spac
920,fukkers
921,looney
922,horniest
923,dipship
924,whorehouse
925,beaver cleaver
926,doosh
927,massa
928,ejaculation
929,crappy
930,donkeypunch
931,dumb ass
932,alabama hot pocket
933,titt
934,deggo
935,beatyourmeat
936,urine
937,missionary position
938,motherfuckings
939,bitchez
940,asslicker
941,niggle
942,fuckbag
943,big tits
944,zoophilia2 girls 1 cup
945,omg
946,fcuking
947,knobjocky
948,damned
949,doofus
950,nimphomania
951,shota
952,ma5terbate
953,scat
954,tart
955,goddamn
956,pimpis
957,ball kicking
958,tushy
959,hiv
960,swinger
961,freakfuck
962,motherfuckka
963,intercourse
964,chota bags
965,jerk off
966,pthc
967,nutter
968,bumblefuck
969,ugly
970,bullcrap
971,cunn
972,ejaculates
973,cocksuckers
974,beaver lips
975,bareback
976,blow your load
977,bender
978,bra
979,cocksucked
980,bloody
981,shithole
982,scrotum
983,cuntfuck
984,gooks
985,lezza
986,camgirl
987,mthrfucker
988,fuckings
989,god damn
990,wiseasses
991,tittywank
992,orgasim
993,clitface
994,deepthroat
995,buttfucka
996,phuking
997,urethra play
998,babes
999,cocain
1000,pussi
1001,tittiefucker
1002,assranger
1003,bastards
1004,punky
1005,b1tch
1006,bodily
1007,dickhole
1008,chodes
1009,smartass
1010,tits
1011,whoralicious
1012,tittie5
1013,jerkoff
1014,ovary
1015,spooge
1016,erection
1017,cuntbag
1018,kinkster
1019,clits
1020,assjacker
1021,babe
1022,futanari
1023,leper
1024,boob
1025,fannyfucker
1026,cyberfuck
1027,cocklover
1028,unwed
1029,big black
1030,gays
1031,freex
1032,snowballing
1033,mutha
1034,fags
1035,son-of-a-bitch
1036,rusty trombone
1037,cockburger
1038,slut
1039,heshe
1040,fucktards
1041,shitfuck
1042,gai
1043,dommes
1044,assfuck
1045,bestiality
1046,cum freak
1047,meth
1048,faggit
1049,sexual
1050,seaman
1051,titi
1052,panties
1053,cockblock
1054,cunt hair
1055,mutherfucking
1056,prick
1057,cunnilingus
1058,fagging
1059,piss off
1060,rimjaw
1061,spik
1062,mothafuckings
1063,muthafuckker
1064,t1tties
1065,assfucker
1066,sadism
1067,fastfuck
1068,foad
1069,gender bender
1070,lezzies
1071,foobar
1072,shit ass
1073,5hit
1074,whoar
1075,tw4t
1076,assault
1077,slutkiss
1078,assbag
1079,ejaculatings
1080,wanky
1081,fartknocker
1082,cunillingus
1083,dicks
1084,incest
1085,c-0-c-k
1086,spade
1087,phalli
1088,fucker
1089,womb
1090,godamnit
1091,vomit
1092,bullet vibe
1093,fagg
1094,fondle
1095,god-damned
1096,shrimping
1097,rtard
1098,dykes
1099,condom
1100,ass-jabber
1101,gayfuckist
1102,reetard
1103,slope
1104,vagina
1105,nymphomania
1106,penile
1107,zubb
1108,shitting
1109,asswhole
1110,bestial
1111,fisted
1112,rectum
1113,vjayjay
1114,spunk
1115,anilingus
1116,asskisser
1117,kummer
1118,zoophilia
1119,towelhead
1120,breeder
1121,chin
1122,gang-bang
1123,shit fucker
1124,lube
1125,dick head
1126,kwif
1127,screwed
1128,baby batter
1129,gangbanged
1130,alaskan pipeline
1131,wtf
1132,faig
1133,crabs
1134,pawn
1135,cock sucker
1136,panooch
1137,handjob
1138,fingerfucker
1139,kinbaku
1140,suicide girls
1141,cock
1142,homey
1143,kawk
1144,opium
1145,upskirt
1146,boonga
1147,shitheads
1148,fuckersucker
1149,boners
1150,cumshots
1151,niggah
1152,bitchers
1153,cameltoe
1154,jelly donut
1155,nambla
1156,chode
1157,queer
1158,bollok
1159,teste
1160,faggots
1161,d1ldo
1162,shitcunt
1163,yeasty
1164,4r5e
1165,ponyplay
1166,reefer
1167,cocksuck 
1168,mofo
1169,splooge
1170,gfy
1171,neonazi
1172,cut rope
1173,nigg4h
1174,fucka
1175,psycho
1176,jungle bunny
1177,feltch
1178,pimp
1179,muthafuckaz
1180,raping
1181,cummin
1182,piss pig
1183,5h1t
1184,kafir
1185,orally
1186,clogwog
1187,cretin
1188,felch
1189,ass hole
1190,retard
1191,breasts
1192,fuker
1193,axwound
1194,porch monkey
1195,assfukka
1196,jackass
1197,reverse cowgirl
1198,ball gravy
1199,fxck
1200,wh0reface
1201,felching
1202,bollick
1203,rumprammer
1204,pisses
1205,cornhole
1206,prude
1207,chinc
1208,cleveland steamer
1209,dildo
1210,god-dam
1211,booty call
1212,cokmuncher
1213,holy shit
1214,cipa
1215,d1ck
1216,wop
1217,fuckwitt
1218,shitey
1219,cumdumpster
1220,doochbag
1221,beef curtains
1222,fingerfuckers
1223,bicurious
1224,fuk
1225,ejaculated
1226,darn
1227,orgasms
1228,gangbang
1229,fuckboy
1230,bbw
1231,dawgie-style
1232,blue waffle
1233,slut bucket
1234,phonesex
1235,coochy
1236,shitass
1237,date rape
1238,tranny
1239,spread legs
1240,mothafucker
1241,cl1t
1242,grope
1243,prod
1244,golliwog
1245,taff
1246,s.o.b.
1247,shitcanned
1248,shitings
1249,dog style
1250,cockfucker
1251,fuckmehard
1252,p.u.s.s.y.
1253,masterbate
1254,taking the piss
1255,s0b
1256,tit
1257,sexo
1258,dickish
1259,assbangs
1260,muther
1261,dendrophilia
1262,damn
1263,cunthunter
1264,fuck
1265,beaver
1266,zoophile
1267,nig nog
1268,bollock
1269,camwhore
1270,boned
1271,smeg
1272,cuntsucker
1273,cocksuck
1274,how to murdep
1275,wog
1276,brassiere
1277,gash
1278,girl on
1279,sluts
1280,mick
1281,whorebag
1282,jagoff
1283,m0fo
1284,sodomize
1285,foot fetish
1286,coons
1287,giant cock
1288,omorashi
1289,strip club
1290,fenian
1291,pecker
1292,mcfagget
1293,shitbagger
1294,pubes
1295,asscracker
1296,motherfucks
1297,s&m
1298,cockass
1299,snuff
1300,mother fucker
1301,screw
1302,bong
1303,c.u.n.t
1304,dookie
1305,buttcheeks
1306,smutty
1307,fat
1308,nobjocky
1309,flamer
1310,circlejerk
1311,dvda
1312,sambo
1313,beastial
1314,herpes
1315,piss
1316,tramp
1317,cunntt
1318,drunk
1319,testis
1320,pleasure chest
1321,boooobs
1322,seduce
1323,sandnigger
1324,porchmonkey
1325,lezbian
1326,bang (one's) box
1327,inbred
1328,shit
1329,chesticle
1330,rectus
1331,mothafucka
1332,m45terbate
1333,jiggaboo
1334,dildos
1335,dick-ish
1336,muff puff
1337,cunt
1338,gokkun
1339,freakyfucker
1340,frigg
1341,penisfucker
1342,pust
1343,jackasses
1344,blow mud
1345,sodom
1346,eunuch
1347,hoare
1348,gtfo
1349,breastjob
1350,gayass
1351,twatlips
1352,assmucus
1353,a2m
1354,menstruation
1355,prince albert piercing
1356,stupid
1357,hot chick
1358,assh0le
1359,arse
1360,clit licker
1361,dink
1362,white power
1363,cocaine
1364,gspot
1365,murder
1366,punani
1367,double dong
1368,babeland
1369,voyeur
1370,xx
1371,raped
1372,c-o-c-k
1373,chick with a dick
1374,ass-fucker
1375,pussies
1376,dickjuice
1377,coprophilia
1378,buggery
1379,cocks
1380,fux
1381,buttbang
1382,topless
1383,motherfuck
1384,buttmunch
1385,honkey
1386,d0uche
1387,violet wand
1388,weiner
1389,bitching
1390,bosom
1391,penetrate
1392,humping
1393,queaf
1394,fatfucker
1395,yiffy
1396,tawdry
1397,motherfucked
1398,cockknoker
1399,shitters
1400,fart
1401,mr hands
1402,buttface
1403,fudgepacker
1404,asspuppies
1405,fuckhead
1406,hitler
1407,arsehole
1408,ass-hat
1409,unclefucker
1410,shibari
1411,boozy
1412,wankjob
1413,cawk
1414,junglebunny
1415,pubis
1416,pisser
1417,dicktickler
1418,muffdiving
1419,cocksuka
1420,asspacker
1421,big breasts
1422,knobjokey
1423,footjob
1424,hardcoresex
1425,ass-pirate
1426,doggystyle
1427,fuck-bitch
1428,testee
1429,dumbcunt
1430,yid
1431,gaytard
1432,shi+
1433,godsdamn
1434,fistfucker 
1435,c0ck
1436,doggie-style
1437,dogging
1438,willy
1439,sniper
1440,bunghole
1441,butthole
1442,shaved pussy
1443,clit
1444,dirty
1445,lesbian
1446,chocolate rosebuds
1447,piece of shit
1448,whored
1449,knobbing
1450,cervix
1451,s.h.i.t.
1452,bazooms
1453,enlargement
1454,assho1e
1455,jaggi
1456,maxi
1457,carpet muncher
1458,fuck buttons
1459,dickbeaters
1460,d0uch3
1461,dog-fucker
1462,masterbation
1463,cockmaster
1464,stroke
1465,dick hole
1466,cums
1467,twatty
1468,kkk
1469,fucktwat
1470,shiteater
1471,dickflipper
1472,sexy
1473,wet dream
1474,barf
1475,junkie
1476,fuckedup
1477,mothafuckin
1478,pussy
1479,ganja
1480,hump
1481,sucks
1482,butt-bang
1483,nooky
1484,beaners
1485,he11
1486,shitface
1487,turd
1488,twunt
1489,doggie style
1490,twatwaffle
1491,bitchtits
1492,fingerfucker 
1493,goodpoop
1494,cuntfucker
1495,beotch
1496,bloody hell
1497,fukker
1498,sadist
1499,darkie
1500,butt-fucker
1501,scrot
1502,fuckyou
1503,blow
1504,dagos
1505,buttplug
1506,cockmuncher
1507,paki
1508,twinkie
1509,corp whore
1510,ejakulate
1511,nude
1512,ginger
1513,sucking
1514,gringo
1515,poonani
1516,iap
1517,fuks
1518,shitblimp
1519,booger
1520,bollocks
1521,window licker
1522,hooker
1523,goddammit
1524,peepee
1525,assbanged
1526,buttmuncher
1527,douchebags
1528,lovemaking
1529,clitty
1530,nobhead
1531,p0rn
1532,fuckingbitch
1533,a$$
1534,cox
1535,rapey
1536,donkeyribber
1537,ecchi
1538,knob end
1539,scrote
1540,doggiestyle
1541,japs
1542,deep throat
1543,shited
1544,diddle
1545,dammit
1546,fucktart
1547,fisting
1548,balllicker
1549,m-fucking
1550,gayfuck
1551,bull shit
1552,azz
1553,muffdiver
1554,coprolagnia
1555,fanyy
1556,lezbo
1557,jack Off
1558,dong
1559,busty
1560,lezzie
1561,nutsack
1562,moron
1563,assmunch
1564,fuckoff
1565,orgasm
1566,prickteaser
1567,terd
1568,cock-sucker
1569,pissflaps
1570,huge fat
1571,whorealicious
1572,weirdo
1573,cuntslut
1574,cocksucks
1575,butt
1576,tied up
1577,jerk0ff
1578,ball gag
1579,negro
1580,2 girls 1 cup
1581,s-h-i-t
1582,wedgie
1583,x-rated
1584,cumslut
1585,child-fucker
1586,crackwhore
1587,assfaces
1588,shittiest
1589,cunilingus
1590,guido
1591,erect
1592,rosy palm
1593,hebe
1594,hymen
1595,orgasims
1596,chink
1597,butchdyke
1598,faggitt
1599,whitey
1600,smut
1601,fcuk
1602,seamen
1603,tub girl
1604,mafugly
1605,napalm
1606,octopussy
1607,honky
1608,tubgirl
1609,transsexual
1610,clitoris
1611,fingerfucks
1612,goddamned
1613,cracker
1614,essohbee
1615,cum chugger
1616,tampon
1617,uzi
1618,pegging
1619,woody
1620,dumass
1621,vibrator
1622,shitdick
1623,mothafuckers
1624,pussypounder
1625,bastinado
1626,fuck yo mama
1627,bowel
1628,dumshit
1629,sh1t
1630,fukkin
1631,foreskin
1632,shag
1633,rimming
1634,ejaculating
1635,cocksniffer
1636,puto
1637,asskiss
1638,dickfuck
1639,knobhead
1640,damnit
1641,fannybandit
1642,cnut
1643,cocksmith
1644,sod off
1645,hookah
1646,threesome
1647,crap
1648,cuntass
1649,butt-pirate
1650,bookie
1651,cocknugget
1652,fukwhit
1653,dp action
1654,breastman
1655,masterbat3
1656,d0ng
1657,auto erotic
1658,horny
1659,commie
1660,gonads
1661,bummer
1662,fuck you
1663,penisbanger
1664,titwank
1665,pornos
1666,doggy-style
1667,goldenshower
1668,jiz
1669,fingerfucking
1670,mothafucking
1671,leather straight jacket
1672,fuck puppet
1673,lusting
1674,dumbasses
1675,herp
1676,duche
1677,barely legal
1678,whores
1679,facial
1680,pigfucker
1681,v1gra
1682,sanger
1683,femdom
1684,leather restraint
1685,fistfuck
1686,phallic
1687,dingle
1688,hoe
1689,fistfucking
1690,dummy
1691,poop chute
1692,headfuck
1693,dickweed
1694,fingerbang
1695,motherfuckers
1696,masterbating
1697,masterb8
1698,creampie
1699,rectal
1700,cripple
1701,clitty litter
1702,need the dick
1703,uterus
1704,juggs
1705,feltcher
1706,corksucker
1707,raper
1708,assblaster
1709,hooters
1710,pastie
1711,goddamnit
1712,clunge
1713,son of a motherless goat
1714,pissed off
1715,cumbubble
1716,screwing
1717,scroat
1718,azazel
1719,strappado
1720,gaybob
1721,knobed
1722,apeshit
1723,cockhead
1724,booty
1725,skank
1726,klan
1727,asswhore
1728,bomd
1729,venus mound
1730,phuked
1731,stfu
1732,two fingers
1733,bang
1734,assbite
1735,cocksucking
1736,mof0
1737,dickdipper
1738,tainted love
